rank,pow_id,chain_tx_count,mempool_tx_count,total_tx_count,address_role,address,owner_address,receive_address,confirmed,created_at,registry_txid
1,machina@proofofwork.me,2128,0,2128,receive,bc1qyh9pgznpass4mjcl8qj9yxs3vvl9rnrk7whapn,bc1qyh9pgznpass4mjcl8qj9yxs3vvl9rnrk7whapn,bc1qyh9pgznpass4mjcl8qj9yxs3vvl9rnrk7whapn,true,2026-05-10T06:48:37.000Z,6818d1bf6bc517d12498b7ae1b1d5ec30a5f9fe83d1efa3d0598c8a2c39aebaf
2,3@proofofwork.me,1994,3,1997,receive,bc1p7kf50cf89xhjatzssjp67wjcs6m05d3y68jjcfkyn699yw2j2h8sh5pewc,bc1p7kf50cf89xhjatzssjp67wjcs6m05d3y68jjcfkyn699yw2j2h8sh5pewc,bc1p7kf50cf89xhjatzssjp67wjcs6m05d3y68jjcfkyn699yw2j2h8sh5pewc,true,2026-05-08T22:23:16.000Z,d3619d99bbfa671f85be7101e90a331ff9e460430b68abc326bdd2aa7ab9cf4a
3,4@proofofwork.me,1994,3,1997,receive,bc1p7kf50cf89xhjatzssjp67wjcs6m05d3y68jjcfkyn699yw2j2h8sh5pewc,bc1p7kf50cf89xhjatzssjp67wjcs6m05d3y68jjcfkyn699yw2j2h8sh5pewc,bc1p7kf50cf89xhjatzssjp67wjcs6m05d3y68jjcfkyn699yw2j2h8sh5pewc,true,2026-05-08T22:23:16.000Z,8150aa31d41868b71cd6a13c90d40895811586393414b4dd91c666f520cbdb97
4,6@proofofwork.me,1994,3,1997,receive,bc1p7kf50cf89xhjatzssjp67wjcs6m05d3y68jjcfkyn699yw2j2h8sh5pewc,bc1p7kf50cf89xhjatzssjp67wjcs6m05d3y68jjcfkyn699yw2j2h8sh5pewc,bc1p7kf50cf89xhjatzssjp67wjcs6m05d3y68jjcfkyn699yw2j2h8sh5pewc,true,2026-05-08T22:23:16.000Z,81936974131679ebc987aab7c1fbd57f633b084343aebd642b08610b37a7e752
5,88@proofofwork.me,1994,3,1997,receive,bc1p7kf50cf89xhjatzssjp67wjcs6m05d3y68jjcfkyn699yw2j2h8sh5pewc,bc1p7kf50cf89xhjatzssjp67wjcs6m05d3y68jjcfkyn699yw2j2h8sh5pewc,bc1p7kf50cf89xhjatzssjp67wjcs6m05d3y68jjcfkyn699yw2j2h8sh5pewc,true,2026-05-08T22:23:16.000Z,cbc3e76200a465ee259572754cf4fddb88ec119b7fe15568e1dbfd782007d0e3
6,9@proofofwork.me,1994,3,1997,receive,bc1p7kf50cf89xhjatzssjp67wjcs6m05d3y68jjcfkyn699yw2j2h8sh5pewc,bc1p7kf50cf89xhjatzssjp67wjcs6m05d3y68jjcfkyn699yw2j2h8sh5pewc,bc1p7kf50cf89xhjatzssjp67wjcs6m05d3y68jjcfkyn699yw2j2h8sh5pewc,true,2026-05-08T22:23:16.000Z,b953afbc9fa8fcb41532b0e7a2e5f5d52432dd9d07cd0e334373310cff65bf1c
7,ai@proofofwork.me,1994,3,1997,receive,bc1p7kf50cf89xhjatzssjp67wjcs6m05d3y68jjcfkyn699yw2j2h8sh5pewc,bc1p7kf50cf89xhjatzssjp67wjcs6m05d3y68jjcfkyn699yw2j2h8sh5pewc,bc1p7kf50cf89xhjatzssjp67wjcs6m05d3y68jjcfkyn699yw2j2h8sh5pewc,true,2026-05-08T22:23:16.000Z,89adc701264dc297f25820ef086c31031740e14c755c3cfd6976231d779f9a11
8,alien@proofofwork.me,1994,3,1997,receive,bc1p7kf50cf89xhjatzssjp67wjcs6m05d3y68jjcfkyn699yw2j2h8sh5pewc,bc1p7kf50cf89xhjatzssjp67wjcs6m05d3y68jjcfkyn699yw2j2h8sh5pewc,bc1p7kf50cf89xhjatzssjp67wjcs6m05d3y68jjcfkyn699yw2j2h8sh5pewc,true,2026-05-08T22:23:16.000Z,584169b60fc24c95421ce927d514056557e6f01806af7d07bd90e1bcf845a1fb
9,binance@proofofwork.me,1994,3,1997,receive,bc1p7kf50cf89xhjatzssjp67wjcs6m05d3y68jjcfkyn699yw2j2h8sh5pewc,bc1p7kf50cf89xhjatzssjp67wjcs6m05d3y68jjcfkyn699yw2j2h8sh5pewc,bc1p7kf50cf89xhjatzssjp67wjcs6m05d3y68jjcfkyn699yw2j2h8sh5pewc,true,2026-05-08T22:23:16.000Z,db0c3966eeed23bed28cd25753751f5088781361dfd638e467d1143b22a3b132
10,cz@proofofwork.me,1994,3,1997,receive,bc1p7kf50cf89xhjatzssjp67wjcs6m05d3y68jjcfkyn699yw2j2h8sh5pewc,bc1p7kf50cf89xhjatzssjp67wjcs6m05d3y68jjcfkyn699yw2j2h8sh5pewc,bc1p7kf50cf89xhjatzssjp67wjcs6m05d3y68jjcfkyn699yw2j2h8sh5pewc,true,2026-05-08T22:23:16.000Z,78a5ef51a07219fb1ee962960db8217eb4d6c7f404a9caba18865038b62e84dc
11,mars@proofofwork.me,1994,3,1997,receive,bc1p7kf50cf89xhjatzssjp67wjcs6m05d3y68jjcfkyn699yw2j2h8sh5pewc,bc1p7kf50cf89xhjatzssjp67wjcs6m05d3y68jjcfkyn699yw2j2h8sh5pewc,bc1p7kf50cf89xhjatzssjp67wjcs6m05d3y68jjcfkyn699yw2j2h8sh5pewc,true,2026-05-08T22:23:16.000Z,bd2a7291e3505b59cdf008e2becd7ac0b7eec0ba236c30f470cc45b4a0520ac5
12,okx@proofofwork.me,1994,3,1997,receive,bc1p7kf50cf89xhjatzssjp67wjcs6m05d3y68jjcfkyn699yw2j2h8sh5pewc,bc1p7kf50cf89xhjatzssjp67wjcs6m05d3y68jjcfkyn699yw2j2h8sh5pewc,bc1p7kf50cf89xhjatzssjp67wjcs6m05d3y68jjcfkyn699yw2j2h8sh5pewc,true,2026-05-08T22:23:16.000Z,80fcaa7d288ad185a7a6c1d250d77687af67b6f76ee435f18b2d08b49a1b3e15
13,satoshi@proofofwork.me,1994,3,1997,receive,bc1p7kf50cf89xhjatzssjp67wjcs6m05d3y68jjcfkyn699yw2j2h8sh5pewc,bc1p7kf50cf89xhjatzssjp67wjcs6m05d3y68jjcfkyn699yw2j2h8sh5pewc,bc1p7kf50cf89xhjatzssjp67wjcs6m05d3y68jjcfkyn699yw2j2h8sh5pewc,true,2026-05-08T22:23:16.000Z,84b729dc9ae9b11982c22a4d3a6350cb828ccdf35b9be830edb79913669cb65b
14,币安@proofofwork.me,1994,3,1997,receive,bc1p7kf50cf89xhjatzssjp67wjcs6m05d3y68jjcfkyn699yw2j2h8sh5pewc,bc1p7kf50cf89xhjatzssjp67wjcs6m05d3y68jjcfkyn699yw2j2h8sh5pewc,bc1p7kf50cf89xhjatzssjp67wjcs6m05d3y68jjcfkyn699yw2j2h8sh5pewc,true,2026-05-08T22:23:16.000Z,b0bd0e1c92a20032d15ef1c60efb9d96fe54ace5aef7fe3e2343e56d241f0a94
15,arthur@proofofwork.me,1197,1,1198,receive,bc1qnjvt3am0735heu0ucrg9wzuwe8hmdpwhk07sq8,bc1qnjvt3am0735heu0ucrg9wzuwe8hmdpwhk07sq8,bc1qnjvt3am0735heu0ucrg9wzuwe8hmdpwhk07sq8,true,2026-05-11T15:18:21.000Z,a2e1cf6e478fb66e4dd6f59e4ca9bd7b89002569ed76af0107bfb788eb6f179a
16,cobie@proofofwork.me,1197,1,1198,receive,bc1qnjvt3am0735heu0ucrg9wzuwe8hmdpwhk07sq8,bc1qnjvt3am0735heu0ucrg9wzuwe8hmdpwhk07sq8,bc1qnjvt3am0735heu0ucrg9wzuwe8hmdpwhk07sq8,true,2026-05-11T17:13:35.000Z,39d0afbe9c0035bdac1ac61c4d4564562a3e6c9f00892f2075c2972d3467a420
17,hal@proofofwork.me,1197,1,1198,receive,bc1qnjvt3am0735heu0ucrg9wzuwe8hmdpwhk07sq8,bc1qnjvt3am0735heu0ucrg9wzuwe8hmdpwhk07sq8,bc1qnjvt3am0735heu0ucrg9wzuwe8hmdpwhk07sq8,true,2026-05-11T11:42:51.000Z,f80645e0a9234db7486c39b84ff744d42264285a87bbdeeabef0a1d31faf4d4a
18,jack@proofofwork.me,1197,1,1198,receive,bc1qnjvt3am0735heu0ucrg9wzuwe8hmdpwhk07sq8,bc1qnjvt3am0735heu0ucrg9wzuwe8hmdpwhk07sq8,bc1qnjvt3am0735heu0ucrg9wzuwe8hmdpwhk07sq8,true,2026-05-11T11:04:32.000Z,a401c324b2fe381cf9e4fd2f680a2800f80460b2501ecf46a0663ceb0f2f459c
19,truth@proofofwork.me,1197,1,1198,receive,bc1qnjvt3am0735heu0ucrg9wzuwe8hmdpwhk07sq8,bc1qnjvt3am0735heu0ucrg9wzuwe8hmdpwhk07sq8,bc1qnjvt3am0735heu0ucrg9wzuwe8hmdpwhk07sq8,true,2026-05-11T14:10:28.000Z,0236c52dd7e3ad3415589aaacce99c00374f9874319e9998d2a49ce9b7c483e5
20,btc@proofofwork.me,533,0,533,receive,bc1px0yfktpunsahqy5rj2cxyhmhcl30ercm0k3r36kn4fcee0s20d5qxtacln,bc1px0yfktpunsahqy5rj2cxyhmhcl30ercm0k3r36kn4fcee0s20d5qxtacln,bc1px0yfktpunsahqy5rj2cxyhmhcl30ercm0k3r36kn4fcee0s20d5qxtacln,true,2026-05-08T05:45:36.000Z,c785dc99c5a23cafbd1dda34a0560eb20382f4b298874c3ffc63e53a80676fa7
21,1@proofofwork.me,457,0,457,receive,bc1q7lzk2xtp6excmqanfmr3hvq5nt0af9g397s2er,bc1q7lzk2xtp6excmqanfmr3hvq5nt0af9g397s2er,bc1q7lzk2xtp6excmqanfmr3hvq5nt0af9g397s2er,true,2026-05-08T15:23:52.000Z,576e9b4c139e682717f98c0ddff683f0df033c653ca9911e14ec0e6af5ada7e6
22,a@proofofwork.me,129,1,130,receive,bc1pg4gdlvlxrk5y8dzrk6tp6lq04z7rsv7dhta7x2892g8dkhy6686q7q7l7j,bc1pg4gdlvlxrk5y8dzrk6tp6lq04z7rsv7dhta7x2892g8dkhy6686q7q7l7j,bc1pg4gdlvlxrk5y8dzrk6tp6lq04z7rsv7dhta7x2892g8dkhy6686q7q7l7j,true,2026-05-09T06:35:13.000Z,b46794b4a6f17f22ab1efeb7ad53be53e1fb2449b8fe509fa58110547fd56b50
23,registry@proofofwork.me,117,20,137,receive,bc1qfwytlzyr3ym3enz2eutwtjsf9kkf6uqkjydk3e,1F1p9UEHuH5KTFR7Zsx93Khdrqhj6t5nFv,bc1qfwytlzyr3ym3enz2eutwtjsf9kkf6uqkjydk3e,true,2026-05-07T23:58:29.000Z,664f605a032a726f248c7ea298773e04ccabd063555cf109cfd02736935bc84e
24,33@proofofwork.me,110,1,111,receive,bc1q029v6c8j5qyls0dvhf6xl6fxvxfl7nmd4dhuja,bc1q029v6c8j5qyls0dvhf6xl6fxvxfl7nmd4dhuja,bc1q029v6c8j5qyls0dvhf6xl6fxvxfl7nmd4dhuja,true,2026-05-11T13:35:03.000Z,711494748130db27da538dc3e6060e5de4c2a4c2248ee8c176e55df892eaafab
25,8@proofofwork.me,89,0,89,receive,bc1pqzyv6m6hhh47y3pxr4uf9ed5q78j8mgg3s02qs3f98htq9gyac4sw7u29z,bc1pqzyv6m6hhh47y3pxr4uf9ed5q78j8mgg3s02qs3f98htq9gyac4sw7u29z,bc1pqzyv6m6hhh47y3pxr4uf9ed5q78j8mgg3s02qs3f98htq9gyac4sw7u29z,true,2026-05-08T10:13:32.000Z,f3b3341b0941ed249cd18e455fdcdf95ee518b66c7935679f6ec692f924132b0
26,x@proofofwork.me,89,0,89,receive,bc1pqzyv6m6hhh47y3pxr4uf9ed5q78j8mgg3s02qs3f98htq9gyac4sw7u29z,bc1pqzyv6m6hhh47y3pxr4uf9ed5q78j8mgg3s02qs3f98htq9gyac4sw7u29z,bc1pqzyv6m6hhh47y3pxr4uf9ed5q78j8mgg3s02qs3f98htq9gyac4sw7u29z,true,2026-05-08T13:17:27.000Z,2735b63314c65844b86f8653902e439572854ac49c895cb0f1c7dd3d7331df4e
27,grok@proofofwork.me,67,0,67,receive,bc1qnaffuwh48m79cu493u2r6ngwtzpek06sn20uqq,bc1qnaffuwh48m79cu493u2r6ngwtzpek06sn20uqq,bc1qnaffuwh48m79cu493u2r6ngwtzpek06sn20uqq,true,2026-05-11T14:16:32.000Z,0caca0829bb71bdd3d163a1fd1a7d822dfc24aabef17db02d924a08fd9c65928
28,zsaiwj@proofofwork.me,67,0,67,receive,bc1qnaffuwh48m79cu493u2r6ngwtzpek06sn20uqq,bc1qnaffuwh48m79cu493u2r6ngwtzpek06sn20uqq,bc1qnaffuwh48m79cu493u2r6ngwtzpek06sn20uqq,true,2026-05-11T13:51:16.000Z,d0e66b4bb5727277f92877a6634783c68e301208bf69b002b146c4cb6bbda878
29,0@proofofwork.me,42,0,42,receive,bc1qu2hkv95hg6r7kkgsv8htp7ex3ufjrrr29ngue2,bc1qu2hkv95hg6r7kkgsv8htp7ex3ufjrrr29ngue2,bc1qu2hkv95hg6r7kkgsv8htp7ex3ufjrrr29ngue2,true,2026-05-09T02:25:53.000Z,88f177ea5828bb4eccd9bbba609c285f02ee55e7151ae4c1f6e024b952f44e97
30,freedom@proofofwork.me,41,2,43,receive,bc1plqn2g9dkyspk48r8ek83p3ecc32vz2g9fnlw006yvmvqvx8cnxyskrt9dc,bc1plqn2g9dkyspk48r8ek83p3ecc32vz2g9fnlw006yvmvqvx8cnxyskrt9dc,bc1plqn2g9dkyspk48r8ek83p3ecc32vz2g9fnlw006yvmvqvx8cnxyskrt9dc,true,2026-05-09T21:57:35.000Z,6d9a8907c53478012b6cb9bddc4d1faaa042e8a6721416857811e7dbdc7c9466
31,moove@proofofwork.me,41,2,43,receive,bc1plqn2g9dkyspk48r8ek83p3ecc32vz2g9fnlw006yvmvqvx8cnxyskrt9dc,bc1plqn2g9dkyspk48r8ek83p3ecc32vz2g9fnlw006yvmvqvx8cnxyskrt9dc,bc1plqn2g9dkyspk48r8ek83p3ecc32vz2g9fnlw006yvmvqvx8cnxyskrt9dc,true,2026-05-09T07:40:59.000Z,66c1d7732e33d6516b8a1b244175f25303c45ad3087bbf80dabf77e1c086631c
32,!@proofofwork.me,37,0,37,receive,bc1q568xckhc4j0grkd0qjh23wl3ulqsufv2drrn6d,bc1q568xckhc4j0grkd0qjh23wl3ulqsufv2drrn6d,bc1q568xckhc4j0grkd0qjh23wl3ulqsufv2drrn6d,true,2026-05-10T02:52:35.000Z,6afb8d5e5fb880fc3eec1416649e2ca774b746c487e53ce664945cf5e9fe3925
33,?@proofofwork.me,37,0,37,receive,bc1q568xckhc4j0grkd0qjh23wl3ulqsufv2drrn6d,bc1q568xckhc4j0grkd0qjh23wl3ulqsufv2drrn6d,bc1q568xckhc4j0grkd0qjh23wl3ulqsufv2drrn6d,true,2026-05-10T01:05:26.000Z,5873935b7569eaea793e96b459e70320dcae97f763793ec2f148a73954e03cfe
34,$@proofofwork.me,37,0,37,receive,bc1q568xckhc4j0grkd0qjh23wl3ulqsufv2drrn6d,bc1q568xckhc4j0grkd0qjh23wl3ulqsufv2drrn6d,bc1q568xckhc4j0grkd0qjh23wl3ulqsufv2drrn6d,true,2026-05-10T01:05:26.000Z,00fb2175495def67f44fe6c0e0c5ddf8e48d26456535842331bbf624e261ac8d
35,420@proofofwork.me,37,0,37,receive,bc1q568xckhc4j0grkd0qjh23wl3ulqsufv2drrn6d,bc1q568xckhc4j0grkd0qjh23wl3ulqsufv2drrn6d,bc1q568xckhc4j0grkd0qjh23wl3ulqsufv2drrn6d,true,2026-05-09T05:30:51.000Z,ea794c96c279592da90ded7b0fae1c24bfc5ba4a347130f2dee98923fa2642d9
36,5@proofofwork.me,37,0,37,receive,bc1q568xckhc4j0grkd0qjh23wl3ulqsufv2drrn6d,bc1q568xckhc4j0grkd0qjh23wl3ulqsufv2drrn6d,bc1q568xckhc4j0grkd0qjh23wl3ulqsufv2drrn6d,true,2026-05-09T06:35:13.000Z,cb27f93dd66aae1e4fab31cf4696f9aee4b5a4478e848591a556d3c7c05bbf5e
37,69@proofofwork.me,37,0,37,receive,bc1q568xckhc4j0grkd0qjh23wl3ulqsufv2drrn6d,bc1q568xckhc4j0grkd0qjh23wl3ulqsufv2drrn6d,bc1q568xckhc4j0grkd0qjh23wl3ulqsufv2drrn6d,true,2026-05-09T05:30:51.000Z,670949cf171090f012f171038c70dd6390f7b1d5875d52fd3b2ab4e6593aa9fe
38,7@proofofwork.me,37,0,37,receive,bc1q568xckhc4j0grkd0qjh23wl3ulqsufv2drrn6d,bc1q568xckhc4j0grkd0qjh23wl3ulqsufv2drrn6d,bc1q568xckhc4j0grkd0qjh23wl3ulqsufv2drrn6d,true,2026-05-09T06:35:13.000Z,d25375a0ff9beb52c8469228c90d781a78c1de973bd2de168d086c2284724774
39,anon@proofofwork.me,37,0,37,receive,bc1q568xckhc4j0grkd0qjh23wl3ulqsufv2drrn6d,bc1q568xckhc4j0grkd0qjh23wl3ulqsufv2drrn6d,bc1q568xckhc4j0grkd0qjh23wl3ulqsufv2drrn6d,true,2026-05-09T07:40:59.000Z,a94d7282df88165d1bc6f288f8daf35b740788f8828209fb07b83728df5cf17a
40,anonymous@proofofwork.me,37,0,37,receive,bc1q568xckhc4j0grkd0qjh23wl3ulqsufv2drrn6d,bc1q568xckhc4j0grkd0qjh23wl3ulqsufv2drrn6d,bc1q568xckhc4j0grkd0qjh23wl3ulqsufv2drrn6d,true,2026-05-09T07:40:59.000Z,f50b5662e61ebeeb15d20302e979163f6aac6159a81fe69d7e3246ef735ed597
41,bitmap@proofofwork.me,37,0,37,receive,bc1q568xckhc4j0grkd0qjh23wl3ulqsufv2drrn6d,bc1q568xckhc4j0grkd0qjh23wl3ulqsufv2drrn6d,bc1q568xckhc4j0grkd0qjh23wl3ulqsufv2drrn6d,true,2026-05-09T07:40:59.000Z,bfc05829ee10e2f26bbf35bec472941204b90b1636f43d582e721f22639e7f9d
42,coinbase@proofofwork.me,37,0,37,receive,bc1q568xckhc4j0grkd0qjh23wl3ulqsufv2drrn6d,bc1q568xckhc4j0grkd0qjh23wl3ulqsufv2drrn6d,bc1q568xckhc4j0grkd0qjh23wl3ulqsufv2drrn6d,true,2026-05-09T05:30:51.000Z,8f53e484fe7786fab5121e98544fdbbba36f06d9b3002b7d42c9d41a44a9cd02
43,crypto@proofofwork.me,37,0,37,receive,bc1q568xckhc4j0grkd0qjh23wl3ulqsufv2drrn6d,bc1q568xckhc4j0grkd0qjh23wl3ulqsufv2drrn6d,bc1q568xckhc4j0grkd0qjh23wl3ulqsufv2drrn6d,true,2026-05-09T05:30:51.000Z,f94ed8be70aaedee071a67732dcda42ee215ce5eab5ae3bd59729ee162ddc01b
44,degen@proofofwork.me,37,0,37,receive,bc1q568xckhc4j0grkd0qjh23wl3ulqsufv2drrn6d,bc1q568xckhc4j0grkd0qjh23wl3ulqsufv2drrn6d,bc1q568xckhc4j0grkd0qjh23wl3ulqsufv2drrn6d,true,2026-05-09T05:30:51.000Z,2f364619360322152a8261765a4f275cd14a2579b416dc8c2c0bbc899e578fc5
45,gold@proofofwork.me,37,0,37,receive,bc1q568xckhc4j0grkd0qjh23wl3ulqsufv2drrn6d,bc1q568xckhc4j0grkd0qjh23wl3ulqsufv2drrn6d,bc1q568xckhc4j0grkd0qjh23wl3ulqsufv2drrn6d,true,2026-05-09T05:30:51.000Z,b0f369dbaec6e2401c4ca8a560b0b90d247ae7f642eee240515839efb04445d2
46,id@proofofwork.me,37,0,37,receive,bc1q568xckhc4j0grkd0qjh23wl3ulqsufv2drrn6d,bc1q568xckhc4j0grkd0qjh23wl3ulqsufv2drrn6d,bc1q568xckhc4j0grkd0qjh23wl3ulqsufv2drrn6d,true,2026-05-09T07:40:59.000Z,1eff4a2fea1d3e3f3ec0e1af221c1df1820bfa1f799cf09c17018f2631bdbc54
47,j@proofofwork.me,37,0,37,receive,bc1q568xckhc4j0grkd0qjh23wl3ulqsufv2drrn6d,bc1q568xckhc4j0grkd0qjh23wl3ulqsufv2drrn6d,bc1q568xckhc4j0grkd0qjh23wl3ulqsufv2drrn6d,true,2026-05-09T05:30:51.000Z,c50ded6c3fc1e252957d587f10470a6a30b578ff649693cc298c5bc250fd413c
48,josh@proofofwork.me,37,0,37,receive,bc1q568xckhc4j0grkd0qjh23wl3ulqsufv2drrn6d,bc1q568xckhc4j0grkd0qjh23wl3ulqsufv2drrn6d,bc1q568xckhc4j0grkd0qjh23wl3ulqsufv2drrn6d,true,2026-05-09T05:30:51.000Z,09583358266ca1b8c56af115fb7f2a5da5b57b6d19b3fc106c830ba67b7b6419
49,meme@proofofwork.me,37,0,37,receive,bc1q568xckhc4j0grkd0qjh23wl3ulqsufv2drrn6d,bc1q568xckhc4j0grkd0qjh23wl3ulqsufv2drrn6d,bc1q568xckhc4j0grkd0qjh23wl3ulqsufv2drrn6d,true,2026-05-09T05:30:51.000Z,5e960e19b5c7049a25b34cfcf1ebd7b67a9331a865e33b4bdb2cfb0dbc7473d8
50,money@proofofwork.me,37,0,37,receive,bc1q568xckhc4j0grkd0qjh23wl3ulqsufv2drrn6d,bc1q568xckhc4j0grkd0qjh23wl3ulqsufv2drrn6d,bc1q568xckhc4j0grkd0qjh23wl3ulqsufv2drrn6d,true,2026-05-09T05:30:51.000Z,0a595b350a7bc3af6c5103912bf1263fde96b90feba8e9d1d87a652b24c13678
51,npc@proofofwork.me,37,0,37,receive,bc1q568xckhc4j0grkd0qjh23wl3ulqsufv2drrn6d,bc1q568xckhc4j0grkd0qjh23wl3ulqsufv2drrn6d,bc1q568xckhc4j0grkd0qjh23wl3ulqsufv2drrn6d,true,2026-05-09T21:40:04.000Z,79200a9e3b1821e61ea94ed12c5b79bdebc4c81e0948251197ac91710e89499a
52,oracle@proofofwork.me,37,0,37,receive,bc1q568xckhc4j0grkd0qjh23wl3ulqsufv2drrn6d,bc1q568xckhc4j0grkd0qjh23wl3ulqsufv2drrn6d,bc1q568xckhc4j0grkd0qjh23wl3ulqsufv2drrn6d,true,2026-05-09T05:30:51.000Z,b7ed7ef0ef54924e7005617f5019d35ee53f782fd9462367337306091b3a9995
53,pepe@proofofwork.me,37,0,37,receive,bc1q568xckhc4j0grkd0qjh23wl3ulqsufv2drrn6d,bc1q568xckhc4j0grkd0qjh23wl3ulqsufv2drrn6d,bc1q568xckhc4j0grkd0qjh23wl3ulqsufv2drrn6d,true,2026-05-09T05:30:51.000Z,34047cd0696415bc0f5d376428225d7c46860dbcae19cea47f7bd0a5e90714b2
54,robot@proofofwork.me,37,0,37,receive,bc1q568xckhc4j0grkd0qjh23wl3ulqsufv2drrn6d,bc1q568xckhc4j0grkd0qjh23wl3ulqsufv2drrn6d,bc1q568xckhc4j0grkd0qjh23wl3ulqsufv2drrn6d,true,2026-05-09T05:30:51.000Z,bc8f0e9f1fa6cda42b0ee97813001727604deb79f3182116ddb6b9b559af12ed
55,wallet@proofofwork.me,37,0,37,receive,bc1q568xckhc4j0grkd0qjh23wl3ulqsufv2drrn6d,bc1q568xckhc4j0grkd0qjh23wl3ulqsufv2drrn6d,bc1q568xckhc4j0grkd0qjh23wl3ulqsufv2drrn6d,true,2026-05-09T05:30:51.000Z,3b11cf6a3a19ca45f6e9a08daadfcc83f130831e95e308f9b37f8bed035d55c6
56,wojak@proofofwork.me,37,0,37,receive,bc1q568xckhc4j0grkd0qjh23wl3ulqsufv2drrn6d,bc1q568xckhc4j0grkd0qjh23wl3ulqsufv2drrn6d,bc1q568xckhc4j0grkd0qjh23wl3ulqsufv2drrn6d,true,2026-05-09T21:40:04.000Z,24d5326768acd3c723c84e5fb6bc4b1720bc1535d2dd7cf9aa5d8298f0bf6b53
57,xbt@proofofwork.me,37,0,37,receive,bc1q568xckhc4j0grkd0qjh23wl3ulqsufv2drrn6d,bc1q568xckhc4j0grkd0qjh23wl3ulqsufv2drrn6d,bc1q568xckhc4j0grkd0qjh23wl3ulqsufv2drrn6d,true,2026-05-09T05:30:51.000Z,e414da36f32a4e484e9c9385301579981b8fad4ef995cd811fb4bbb8bdc9d595
58,z@proofofwork.me,37,0,37,receive,bc1q568xckhc4j0grkd0qjh23wl3ulqsufv2drrn6d,bc1q568xckhc4j0grkd0qjh23wl3ulqsufv2drrn6d,bc1q568xckhc4j0grkd0qjh23wl3ulqsufv2drrn6d,true,2026-05-09T07:40:59.000Z,e88ee6d76531bd6ac60e8645991b129706ce4613ba27b9964f3bcecbe46ba37d
59,applications@proofofwork.me,31,1,32,receive,1F1p9UEHuH5KTFR7Zsx93Khdrqhj6t5nFv,1F1p9UEHuH5KTFR7Zsx93Khdrqhj6t5nFv,1F1p9UEHuH5KTFR7Zsx93Khdrqhj6t5nFv,true,2026-05-09T10:48:40.000Z,38dbbd823c7a23dbd97c19c6a2b2246143c03cd1f77073db8f559d3998b5176e
60,reserve@proofofwork.me,31,1,32,receive,1F1p9UEHuH5KTFR7Zsx93Khdrqhj6t5nFv,1F1p9UEHuH5KTFR7Zsx93Khdrqhj6t5nFv,1F1p9UEHuH5KTFR7Zsx93Khdrqhj6t5nFv,true,2026-05-11T01:16:25.000Z,deb97e1cd3f48751a2b20038d86d00c6d560eba2ed01e4eb5229c0883a7a4dad
61,100@proofofwork.me,19,0,19,receive,bc1qggw7p5xtcv33uduhttphz24apx35u384ld9twk,bc1qggw7p5xtcv33uduhttphz24apx35u384ld9twk,bc1qggw7p5xtcv33uduhttphz24apx35u384ld9twk,true,2026-05-11T11:42:51.000Z,0d1d732806ccc1937c1c23afda4c8220f0d19003b997c7529555914eae2ef27b
62,13@proofofwork.me,12,0,12,receive,bc1q5tcu3rssms66qth42upe5savm7npqztznclslj,bc1q5tcu3rssms66qth42upe5savm7npqztznclslj,bc1q5tcu3rssms66qth42upe5savm7npqztznclslj,true,2026-05-08T20:38:14.000Z,4d6ea69d717c1d5dfb3affc72344dc3e1b069f1ed940d06032ea9f0471eccec3
63,doge@proofofwork.me,12,0,12,receive,bc1q5tcu3rssms66qth42upe5savm7npqztznclslj,bc1q5tcu3rssms66qth42upe5savm7npqztznclslj,bc1q5tcu3rssms66qth42upe5savm7npqztznclslj,true,2026-05-08T20:38:14.000Z,5ca6dd69ed5ecc18627e70915ade579aaab80a20f2b6cb338954c76199dad23c
64,domo@proofofwork.me,12,0,12,receive,bc1q5tcu3rssms66qth42upe5savm7npqztznclslj,bc1q5tcu3rssms66qth42upe5savm7npqztznclslj,bc1q5tcu3rssms66qth42upe5savm7npqztznclslj,true,2026-05-08T20:38:14.000Z,33589b63cfe26a3042f4876851595bf4c00893d8f4e6e2ba31cc43f6546c8c68
65,first@proofofwork.me,12,0,12,receive,bc1q5tcu3rssms66qth42upe5savm7npqztznclslj,bc1q5tcu3rssms66qth42upe5savm7npqztznclslj,bc1q5tcu3rssms66qth42upe5savm7npqztznclslj,true,2026-05-09T21:57:35.000Z,a441103f883db5cb4dbf7ff0de7a8171f2b16ff0ba3edf57fba84e5c9c63b964
66,nakamoto@proofofwork.me,12,0,12,receive,bc1q5tcu3rssms66qth42upe5savm7npqztznclslj,bc1q5tcu3rssms66qth42upe5savm7npqztznclslj,bc1q5tcu3rssms66qth42upe5savm7npqztznclslj,true,2026-05-08T20:38:14.000Z,17a26855c6c7862792d89ba36dd456422e5ef00510e815e1d5a065e9f1314d91
67,news@proofofwork.me,12,0,12,receive,bc1q5tcu3rssms66qth42upe5savm7npqztznclslj,bc1q5tcu3rssms66qth42upe5savm7npqztznclslj,bc1q5tcu3rssms66qth42upe5savm7npqztznclslj,true,2026-05-09T21:57:35.000Z,6597e1c7e2015e43473cedbbf3b04a866bd73f640c3a8280f45762f8a6712878
68,one@proofofwork.me,12,0,12,receive,bc1q5tcu3rssms66qth42upe5savm7npqztznclslj,bc1q5tcu3rssms66qth42upe5savm7npqztznclslj,bc1q5tcu3rssms66qth42upe5savm7npqztznclslj,true,2026-05-09T21:57:35.000Z,b557995b1f8a93c21864d84f76ce6a1fd05a276f88b89b3f618759962a8a5417
69,ordi@proofofwork.me,12,0,12,receive,bc1q5tcu3rssms66qth42upe5savm7npqztznclslj,bc1q5tcu3rssms66qth42upe5savm7npqztznclslj,bc1q5tcu3rssms66qth42upe5savm7npqztznclslj,true,2026-05-08T20:28:43.000Z,5ea48555efd9c64c4a831014d0dc18b29e6b7e0c4ce5699f043e8aa0ec60897d
70,ordinal@proofofwork.me,12,0,12,receive,bc1q5tcu3rssms66qth42upe5savm7npqztznclslj,bc1q5tcu3rssms66qth42upe5savm7npqztznclslj,bc1q5tcu3rssms66qth42upe5savm7npqztznclslj,true,2026-05-09T21:57:35.000Z,644e684711058394a3f13256cc651b386ad48c2524e61f83cc4ba5be77c56f19
71,proof@proofofwork.me,12,0,12,receive,bc1q5tcu3rssms66qth42upe5savm7npqztznclslj,bc1q5tcu3rssms66qth42upe5savm7npqztznclslj,bc1q5tcu3rssms66qth42upe5savm7npqztznclslj,true,2026-05-08T20:38:14.000Z,9f8580868e66b03378e11976da94d606d47dec480560cdffbf6be4aadfe889b8
72,proofofwork@proofofwork.me,12,0,12,receive,bc1q5tcu3rssms66qth42upe5savm7npqztznclslj,bc1q5tcu3rssms66qth42upe5savm7npqztznclslj,bc1q5tcu3rssms66qth42upe5savm7npqztznclslj,true,2026-05-08T20:38:14.000Z,5a8f9a7d085239cccb5eff8492027fc1cf22417bd4d1c1011bee3430d408386b
73,sats@proofofwork.me,11,0,11,receive,bc1p8m24m3ycx2awggnlp4ljh0m8l54985scfwshet9zdg4qtf80udhqkwrx0c,bc1p8m24m3ycx2awggnlp4ljh0m8l54985scfwshet9zdg4qtf80udhqkwrx0c,bc1p8m24m3ycx2awggnlp4ljh0m8l54985scfwshet9zdg4qtf80udhqkwrx0c,true,2026-05-08T05:45:36.000Z,f226dfa265ed88d21a4bf08ae2d04ea17080af7cd54997e322b4222d1324680d
74,trump@proofofwork.me,11,0,11,receive,bc1p8m24m3ycx2awggnlp4ljh0m8l54985scfwshet9zdg4qtf80udhqkwrx0c,bc1p8m24m3ycx2awggnlp4ljh0m8l54985scfwshet9zdg4qtf80udhqkwrx0c,bc1p8m24m3ycx2awggnlp4ljh0m8l54985scfwshet9zdg4qtf80udhqkwrx0c,true,2026-05-08T05:45:36.000Z,7d156fcad1c3cc0a044685246cc6e125010cc26c4b5ddbd0b86cb79855c16218
75,armyofyouth@proofofwork.me,10,2,12,receive,1KNkUBREnfno2BeV7QsBf8XCWZN6YFfxPH,1KNkUBREnfno2BeV7QsBf8XCWZN6YFfxPH,1KNkUBREnfno2BeV7QsBf8XCWZN6YFfxPH,true,2026-05-07T23:58:29.000Z,a8622941a8ac1ed6ac8a8df58ce40795fc7d97b3615d81e9dc23ca6c0cf820fa
76,bitcoin@proofofwork.me,10,2,12,receive,1KNkUBREnfno2BeV7QsBf8XCWZN6YFfxPH,1F1p9UEHuH5KTFR7Zsx93Khdrqhj6t5nFv,1KNkUBREnfno2BeV7QsBf8XCWZN6YFfxPH,true,2026-05-11T02:14:14.000Z,be8ca5de70f5c82956cf23568d7d113bab2fd2ce70a583c595bc4fcd07555c9c
77,satoshin@proofofwork.me,10,2,12,receive,1KNkUBREnfno2BeV7QsBf8XCWZN6YFfxPH,1KNkUBREnfno2BeV7QsBf8XCWZN6YFfxPH,1KNkUBREnfno2BeV7QsBf8XCWZN6YFfxPH,true,2026-05-07T23:58:29.000Z,74312caa53ee552d2ff85944d99e700fe313208378db17506b490f0e99349b0f
78,agent@proofofwork.me,7,0,7,receive,bc1p8ddc3s6z09ktchgdxxht8l0tt7gs7jn90w004uw2hrxuue39lp7qlxrd3q,bc1p8ddc3s6z09ktchgdxxht8l0tt7gs7jn90w004uw2hrxuue39lp7qlxrd3q,bc1p8ddc3s6z09ktchgdxxht8l0tt7gs7jn90w004uw2hrxuue39lp7qlxrd3q,true,2026-05-09T07:36:19.000Z,d1d6485d76573d78523c2b19b66d616826b52c0bb15537b07ece6a50252304c4
79,nft@proofofwork.me,7,0,7,receive,bc1p8ddc3s6z09ktchgdxxht8l0tt7gs7jn90w004uw2hrxuue39lp7qlxrd3q,bc1p8ddc3s6z09ktchgdxxht8l0tt7gs7jn90w004uw2hrxuue39lp7qlxrd3q,bc1p8ddc3s6z09ktchgdxxht8l0tt7gs7jn90w004uw2hrxuue39lp7qlxrd3q,true,2026-05-09T07:51:42.000Z,74c4bfe8fa8c5e020c6cce956cc2208ce0e89fe476f3eb3a8b1b9c08877dc4dc
80,pinoratiko@proofofwork.me,7,0,7,receive,bc1p8ddc3s6z09ktchgdxxht8l0tt7gs7jn90w004uw2hrxuue39lp7qlxrd3q,bc1p8ddc3s6z09ktchgdxxht8l0tt7gs7jn90w004uw2hrxuue39lp7qlxrd3q,bc1p8ddc3s6z09ktchgdxxht8l0tt7gs7jn90w004uw2hrxuue39lp7qlxrd3q,true,2026-05-08T15:23:52.000Z,7ddb3999829fee28d2457daf3212394055eb41aa2296bcc31bee2dda08a88c79
81,hodl@proofofwork.me,6,0,6,receive,bc1pxhs9y9ryqnhm05lyv794f6upzk0mtu2zct5w2hgc2vm3d58pvcqspptre0,bc1pxhs9y9ryqnhm05lyv794f6upzk0mtu2zct5w2hgc2vm3d58pvcqspptre0,bc1pxhs9y9ryqnhm05lyv794f6upzk0mtu2zct5w2hgc2vm3d58pvcqspptre0,true,2026-05-09T07:13:47.000Z,a7402b488fe723871ee6c470e94a8b16722ef27f0b3e91e450c9deb6856a3637
82,pow@proofofwork.me,6,0,6,receive,bc1pxhs9y9ryqnhm05lyv794f6upzk0mtu2zct5w2hgc2vm3d58pvcqspptre0,bc1pxhs9y9ryqnhm05lyv794f6upzk0mtu2zct5w2hgc2vm3d58pvcqspptre0,bc1pxhs9y9ryqnhm05lyv794f6upzk0mtu2zct5w2hgc2vm3d58pvcqspptre0,true,2026-05-08T15:23:52.000Z,588d7b052da4de76be500963b5313a9ce4934fca908237b9004a6efcc0868b8f
83,soul@proofofwork.me,6,0,6,receive,bc1pxhs9y9ryqnhm05lyv794f6upzk0mtu2zct5w2hgc2vm3d58pvcqspptre0,bc1pxhs9y9ryqnhm05lyv794f6upzk0mtu2zct5w2hgc2vm3d58pvcqspptre0,bc1pxhs9y9ryqnhm05lyv794f6upzk0mtu2zct5w2hgc2vm3d58pvcqspptre0,true,2026-05-09T07:42:55.000Z,dd0cdf82c983a98b9c93bd23d866ece9ddac0e77b5e89eb3e95a799565defaa8
84,10@proofofwork.me,4,0,4,receive,bc1p842ssjzrs4qgrpeqeykjz7s5xr3jeakfc8nguc2kn8lplf8gdyeqtey3lk,bc1p842ssjzrs4qgrpeqeykjz7s5xr3jeakfc8nguc2kn8lplf8gdyeqtey3lk,bc1p842ssjzrs4qgrpeqeykjz7s5xr3jeakfc8nguc2kn8lplf8gdyeqtey3lk,true,2026-05-10T12:03:09.000Z,11bc834668e3d066616dbd192a3020b08c82b050c07b29e293bf48db19015b41
85,67@proofofwork.me,4,0,4,receive,bc1p842ssjzrs4qgrpeqeykjz7s5xr3jeakfc8nguc2kn8lplf8gdyeqtey3lk,bc1p842ssjzrs4qgrpeqeykjz7s5xr3jeakfc8nguc2kn8lplf8gdyeqtey3lk,bc1p842ssjzrs4qgrpeqeykjz7s5xr3jeakfc8nguc2kn8lplf8gdyeqtey3lk,true,2026-05-10T11:40:29.000Z,046a755de17fa026a1eed21c29417ed02332b93d084f42bdf6592efc5a5a348a
86,bet@proofofwork.me,4,0,4,receive,bc1pgr3qfswxtes89rk7l6hhhrf690g2uz9e0254pt7sfswc8w96n26s5v89zk,bc1pgr3qfswxtes89rk7l6hhhrf690g2uz9e0254pt7sfswc8w96n26s5v89zk,bc1pgr3qfswxtes89rk7l6hhhrf690g2uz9e0254pt7sfswc8w96n26s5v89zk,true,2026-05-09T07:42:55.000Z,df34594644b5833fdbeb6829fea83a871f26f21ecf2ca44edc25c98dacc6c03c
87,bip@proofofwork.me,4,0,4,receive,bc1pgr3qfswxtes89rk7l6hhhrf690g2uz9e0254pt7sfswc8w96n26s5v89zk,bc1pgr3qfswxtes89rk7l6hhhrf690g2uz9e0254pt7sfswc8w96n26s5v89zk,bc1pgr3qfswxtes89rk7l6hhhrf690g2uz9e0254pt7sfswc8w96n26s5v89zk,true,2026-05-10T07:36:33.000Z,c7afef4d4c8eba4eb1d549766442071113c5a3aca629905394515168c55e626e
88,bip39@proofofwork.me,4,0,4,receive,bc1pgr3qfswxtes89rk7l6hhhrf690g2uz9e0254pt7sfswc8w96n26s5v89zk,bc1pgr3qfswxtes89rk7l6hhhrf690g2uz9e0254pt7sfswc8w96n26s5v89zk,bc1pgr3qfswxtes89rk7l6hhhrf690g2uz9e0254pt7sfswc8w96n26s5v89zk,true,2026-05-10T07:36:33.000Z,c1eec8c2e14fc7cfc238a14b020d70d47efa1ad81671c4794944480c8e5002cd
89,bybit@proofofwork.me,4,0,4,receive,bc1p842ssjzrs4qgrpeqeykjz7s5xr3jeakfc8nguc2kn8lplf8gdyeqtey3lk,bc1p842ssjzrs4qgrpeqeykjz7s5xr3jeakfc8nguc2kn8lplf8gdyeqtey3lk,bc1p842ssjzrs4qgrpeqeykjz7s5xr3jeakfc8nguc2kn8lplf8gdyeqtey3lk,true,2026-05-10T12:32:40.000Z,ca10244caedffaac0484f266a2f57ff10d391ce1494b47a1b8e0c8091d3d89ea
90,testdummy@proofofwork.me,4,0,4,receive,1447TsdXtFSnVrWawSamyyQKPDNW4ALtBT,1447TsdXtFSnVrWawSamyyQKPDNW4ALtBT,1447TsdXtFSnVrWawSamyyQKPDNW4ALtBT,true,2026-05-11T11:57:11.000Z,da77c38e8df8dd8242464ff384394882d57471a19961655da4cda240286007b1
91,defi@proofofwork.me,3,0,3,receive,bc1pfw9ekm8z4gsqq7846fykmp68du2t6v9thxkyl89uvx7japu4d8hslcxf8a,bc1pfw9ekm8z4gsqq7846fykmp68du2t6v9thxkyl89uvx7japu4d8hslcxf8a,bc1pfw9ekm8z4gsqq7846fykmp68du2t6v9thxkyl89uvx7japu4d8hslcxf8a,true,2026-05-09T07:40:59.000Z,d6f96760573e34effdfc6f63a29f914fbf87e62c023e2ac89406b93f3835dcc8
92,punk@proofofwork.me,3,0,3,receive,bc1pfw9ekm8z4gsqq7846fykmp68du2t6v9thxkyl89uvx7japu4d8hslcxf8a,bc1pfw9ekm8z4gsqq7846fykmp68du2t6v9thxkyl89uvx7japu4d8hslcxf8a,bc1pfw9ekm8z4gsqq7846fykmp68du2t6v9thxkyl89uvx7japu4d8hslcxf8a,true,2026-05-10T07:36:33.000Z,cb40767e25fdf7e9ab3f027abdfcb57795743ab9e2df9cf398a9365b7f712f0d
93,pk@proofofwork.me,2,0,2,receive,bc1pslhh88wrn9gyvx47p2nev6yu43al3v2mcpqjpez4ecstjxz0hhrsz4ntqs,bc1pslhh88wrn9gyvx47p2nev6yu43al3v2mcpqjpez4ecstjxz0hhrsz4ntqs,bc1pslhh88wrn9gyvx47p2nev6yu43al3v2mcpqjpez4ecstjxz0hhrsz4ntqs,true,2026-05-11T16:15:13.000Z,54f8612e44d9fba26eca74afb5f487498287cbfe280f544a7b038591afc41294
94,openagentdevelopmentstandard@proofofwork.me,0,0,0,receive,1Bor9jhF1k4D3CocM4iLoaLUqmF1Zty9vv,1F1p9UEHuH5KTFR7Zsx93Khdrqhj6t5nFv,1Bor9jhF1k4D3CocM4iLoaLUqmF1Zty9vv,true,2026-05-10T08:16:36.000Z,a2c361db796a55a09f652550c0abf0e83c2089be05b3b35af6790851a469b924
